{"recall_top_popular":0.0,"precision_5":0.231629774,"recall_5":0.2596952739,"coverage":6.2612393682,"novelty_5":0.4438791009}